,street,city,state,zip,lat,lng
0, 222 22nd Ave N Ste 600 Fl 6,Nashville,TN 37203 ,,36.152546,-86.804349
1, 2011 Murphy Ave Ste 603,Nashville,TN 37203 ,,36.155731,-86.803954
2, 2011 Murphy Ave Ste 200,Nashville,TN 37203 ,,36.155731,-86.803954
3, 330 23rd Ave N Ste 604,Nashville,TN 37203 ,,36.154327,-86.808673
4, 300 20th Ave N Ste 607,Nashville,TN 37203 ,,36.154708,-86.80181
5, 300 20th Ave N Ste 406,Nashville,TN 37203 ,,36.154708,-86.80181
6, 2201 Murphy Ave Ste 110,Nashville,TN 37203 ,,36.154657,-86.806223
7, 300 20th Ave N Ste 505,Nashville,TN 37203 ,,36.154708,-86.80181
8, 300 20th Ave N Ste 505,Nashville,TN 37203 ,,36.154708,-86.80181
9, 300 20th Ave N Ste 602,Nashville,TN 37203 ,,36.154708,-86.80181
10, 2011 Murphy Ave Ste 200,Nashville,TN 37203 ,,36.155731,-86.803954
11, 330 23rd Ave N Ste 604,Nashville,TN 37203 ,,36.154327,-86.808673
12, 2201 Murphy Ave Ste 215,Nashville,TN 37203 ,,36.154657,-86.806223
13, 222 22nd Ave N Ste 600 Fl 6,Nashville,TN 37203 ,,36.152546,-86.804349
14, 345 23rd Ave N Ste 401,Nashville,TN 37203 ,,36.15518,-86.809332
