street,city,state,zip
 222 22nd Ave N Ste 600 Fl 6,Nashville,TN 37203 
 2011 Murphy Ave Ste 603,Nashville,TN 37203 
 2011 Murphy Ave Ste 200,Nashville,TN 37203 
 330 23rd Ave N Ste 604,Nashville,TN 37203 
 300 20th Ave N Ste 607,Nashville,TN 37203 
 300 20th Ave N Ste 406,Nashville,TN 37203 
 2201 Murphy Ave Ste 110,Nashville,TN 37203 
 300 20th Ave N Ste 505,Nashville,TN 37203 
 300 20th Ave N Ste 505,Nashville,TN 37203 
 300 20th Ave N Ste 602,Nashville,TN 37203 
 2011 Murphy Ave Ste 200,Nashville,TN 37203 
 330 23rd Ave N Ste 604,Nashville,TN 37203 
 2201 Murphy Ave Ste 215,Nashville,TN 37203 
 222 22nd Ave N Ste 600 Fl 6,Nashville,TN 37203 
 345 23rd Ave N Ste 401,Nashville,TN 37203 
